date,y,Dp,eq,ep,r,ys,Dps,eqs,rs,lrs,poil,pmat,pmetal
1979Q2,3.260733287,0.013796061,0.782322204,-3.063785845,0.007574099,3.501881121,0.024493208,0.487410486,0.021491595,0.025268325,3.433544001,4.148960075,4.200168301
1979Q3,3.280948502,0.014285894,0.888664737,-3.105175802,0.007687266,3.514369337,0.031045243,0.472345985,0.022771128,0.025844361,3.57632221,4.272870762,4.198062627
1979Q4,3.301163717,0.018401604,0.887492804,-3.112308914,0.008421549,3.535380126,0.025806913,0.437822451,0.02445176,0.027899708,3.696729,4.220098227,4.305732623
1980Q1,3.321378931,0.015110405,0.93108057,-3.121077755,0.008793519,3.54379982,0.031973939,0.44758487,0.027081663,0.030457818,3.661657891,4.311325946,4.431295052
1980Q2,3.335623373,0.011054037,1.171903914,-3.126963094,0.009827605,3.548716675,0.029170492,0.451599381,0.026707736,0.029993229,3.643353188,4.207531001,4.284340945
1980Q3,3.349867815,0.022131202,1.231853341,-3.179261816,0.010239896,3.558915593,0.021942723,0.504382637,0.025404105,0.029489797,3.550054573,4.289883868,4.277810888
1980Q4,3.364112257,0.022752685,1.368679565,-3.188968699,0.010808762,3.571089575,0.023305597,0.526108578,0.028010048,0.03048417,3.679336785,4.284165084,4.195715598
1981Q1,3.378356698,0.029278209,1.520751309,-3.178060346,0.011006614,3.585076611,0.024970719,0.566210706,0.028521977,0.030635033,3.666903634,4.204844138,4.135575495
1981Q2,3.399249564,0.025813896,1.657939678,-3.171440805,0.010974722,3.596380055,0.026778978,0.605422168,0.028924724,0.031100169,3.561323891,4.181515062,4.082994087
1981Q3,3.42014243,0.020317252,1.116268059,-3.179463327,0.010914899,3.610758612,0.025727326,0.512869505,0.031219176,0.032588928,3.571966963,4.122314938,4.049078771
1981Q4,3.441035296,0.011332041,1.309833764,-3.230599769,0.011012188,3.61904985,0.018882937,0.463931494,0.027697493,0.032526424,3.605036964,4.108267154,4.004547172
1982Q1,3.461928162,0.012759111,1.036657344,-3.230000939,0.01124891,3.62748109,0.015978321,0.448459644,0.027085469,0.030912887,3.474382441,4.130567481,3.987906752
1982Q2,3.465997564,0.013794349,0.953776712,-3.232994898,0.012166587,3.637906736,0.011102037,0.424040547,0.028324051,0.030076711,3.535427248,4.123548317,3.893332291
1982Q3,3.470066967,0.010408032,0.855808529,-3.229071188,0.012475957,3.6435387,0.017050859,0.384631065,0.026283119,0.02917814,3.514315771,4.107813419,3.871532351
1982Q4,3.474136369,0.013017625,0.957112127,-3.239830084,0.01249182,3.653163826,0.015045432,0.446535877,0.025450686,0.027221297,3.511950937,4.057183461,3.86444494
1983Q1,3.478205772,0.005239804,1.159146484,-3.279038586,0.012405383,3.664953286,0.014281532,0.499705239,0.025057465,0.025615003,3.38074899,4.055755623,3.979403704
1983Q2,3.511206802,0.008212803,1.287965794,-3.275310702,0.012404598,3.686440102,0.015122757,0.591752326,0.025025665,0.025486625,3.395761388,4.139159859,4.085737897
1983Q3,3.544207833,0.0064364,1.235630039,-3.266442455,0.012513223,3.700852315,0.01558054,0.60418205,0.025154595,0.026205003,3.426575514,4.220844219,4.127331235
1983Q4,3.577208863,0.013309881,1.239167993,-3.280848152,0.012643167,3.720539868,0.01650028,0.594905146,0.025586201,0.025716892,3.372182671,4.261961984,4.087198612
1984Q1,3.610209894,0.021871469,1.211677464,-3.311159575,0.012570287,3.744405244,0.01860495,0.61572275,0.026350557,0.025820661,3.393072892,4.282071697,4.063485198
1984Q2,3.605486728,-0.000507828,1.081397249,-3.320248915,0.012406977,3.757459745,0.012909116,0.580880739,0.026665237,0.026647407,3.387143036,4.321841468,4.001831582
1984Q3,3.600763562,0.003867768,1.022515099,-3.307116789,0.012418872,3.773471425,0.014935952,0.562988933,0.029146238,0.026445998,3.3351079,4.284158359,3.893743637
1984Q4,3.596040395,-0.001508354,0.896066955,-3.278215116,0.012376834,3.78433808,0.012358203,0.572246783,0.026715934,0.025351155,3.316097221,4.21095151,3.879541149
1985Q1,3.591317229,-0.004432925,0.875343231,-3.220947867,0.012241989,3.799633002,0.015724268,0.620038004,0.027335614,0.025223554,3.323724209,4.067874577,3.890182412
1985Q2,3.591652694,0.00574915,0.791018997,-3.249124906,0.011879076,3.806185634,0.021152754,0.646879427,0.027652054,0.024499686,3.296800992,4.11059391,3.91168558
1985Q3,3.591988158,0.006937298,0.85748368,-3.258806908,0.011581712,3.814705791,0.012962749,0.645938199,0.023807348,0.023574311,3.306349052,4.105468777,3.846379063
1985Q4,3.592323622,-0.002305996,0.625159454,-3.270379566,0.010530088,3.825968183,0.011033191,0.673092306,0.024704465,0.02321516,3.343944334,4.171512328,3.807911361
1986Q1,3.592659087,0.00194243,0.354512811,-3.25465118,0.010239104,3.835822357,0.013940529,0.754764233,0.024523527,0.021150762,2.879129791,4.174208459,3.867660666
1986Q2,3.599706767,-0.000887164,0.330841627,-3.213064515,0.010230297,3.849394692,0.0036753,0.854116455,0.019920316,0.019711469,2.55128928,4.241247904,3.882502084
1986Q3,3.606754448,0.00040722,0.442631744,-3.210281126,0.010138298,3.866610269,0.00906275,0.947465786,0.019671172,0.019951997,2.517459769,4.213118849,3.864657274
1986Q4,3.613802129,0.010939855,0.603401358,-3.225114893,0.009810779,3.880992233,0.014965443,1.010864357,0.019699554,0.020034189,2.689576256,4.254215946,3.863005383
1987Q1,3.62084981,-0.003489229,0.788767057,-3.252741162,0.007595126,3.894896299,0.01409119,1.132172663,0.02243998,0.019692221,2.886208784,4.319480717,3.918609004
1987Q2,3.64390323,0.005237529,1.034586292,-3.270861531,0.005153197,3.915853424,0.018239498,1.220422614,0.023901357,0.0198436,2.927671072,4.470190573,4.013063593
1987Q3,3.66695665,-7.9996E-06,1.150346902,-3.255466571,0.006368199,3.93725212,0.016501712,1.336914432,0.021253708,0.021375943,2.949915944,4.54813331,4.149138756
1987Q4,3.69001007,0.000467747,0.615305084,-3.269318206,0.007286937,3.956757916,0.019304871,1.047700305,0.02169846,0.021811686,2.893609265,4.58545385,4.264230816
1988Q1,3.713063491,0.004463315,0.743903449,-3.246216706,0.008006246,3.97391587,0.022436025,1.109728753,0.023175215,0.020223521,2.761788855,4.562292262,4.405322214
1988Q2,3.739892149,0.00605209,0.913903856,-3.243611293,0.008717069,3.996185464,0.024816292,1.177640471,0.024185517,0.020474662,2.785770688,4.622320169,4.629567185
1988Q3,3.737099239,0.013271937,0.950077546,-3.230900156,0.008288568,4.012908585,0.033430276,1.212211947,0.027093059,0.021425306,2.670122565,4.550979487,4.504191173
1988Q4,3.766268699,0.008472839,0.960751947,-3.229816319,0.009246863,4.03178015,0.028240119,1.235420735,0.029015758,0.020879965,2.598154457,4.489267852,4.55654395
1989Q1,3.791558226,0.005219121,1.064061072,-3.21599685,0.012791288,4.042043918,0.023186443,1.294982818,0.02952146,0.021464703,2.861286177,4.546856266,4.571073716
1989Q2,3.811882985,0.003742976,1.158182032,-3.235270662,0.013593636,4.055259172,0.027153969,1.356865617,0.034654715,0.022298749,2.924849863,4.572137244,4.469386718
1989Q3,3.833265986,0.006237723,1.201754066,-3.244420316,0.013012877,4.065650011,0.026119797,1.428405034,0.03281098,0.021737142,2.864130695,4.646611875,4.371404303
1989Q4,3.868419275,0.00851144,1.290905453,-3.249154078,0.01214675,4.080442348,0.019547551,1.434008742,0.037429987,0.021984586,2.963467313,4.615986629,4.3193249
1990Q1,3.903378335,0.005544189,1.409155933,-3.249642457,0.012009375,4.100009788,0.033538647,1.410208913,0.042005125,0.023168052,2.988069657,4.634573846,4.23774083
1990Q2,3.910064825,0.007841184,1.374459014,-3.257852713,0.014233679,4.11169932,0.023007877,1.406165367,0.028082366,0.023666192,2.770347201,4.67061743,4.292932382
1990Q3,3.92974006,-0.000362344,1.347027457,-3.261373869,0.015587148,4.122229633,0.018009512,1.311245884,0.029363588,0.024197079,3.273512221,4.626297924,4.394218435
1990Q4,3.938173199,0.016685195,1.258105016,-3.277503354,0.017499655,4.128945014,0.022501038,1.190522268,0.029816282,0.024003343,3.482146033,4.574614479,4.295763401
1991Q1,3.976512539,0.012574403,1.380035961,-3.280066311,0.016500768,4.14636878,0.016848027,1.276074324,0.02779734,0.022813174,3.034424001,4.529542104,4.223649922
1991Q2,3.979796026,0.01424121,1.492032589,-3.280530104,0.017047804,4.155095875,0.015854985,1.330366849,0.024583483,0.022619627,2.933541178,4.592007427,4.156470302
1991Q3,4.032003456,0.005443157,1.388122284,-3.283264456,0.018085584,4.168593924,0.017023255,1.317877512,0.025253255,0.022433785,2.989216527,4.543306313,4.109534929
1991Q4,4.0610665,0.009485652,1.353731043,-3.303690408,0.018561098,4.178197649,0.01761346,1.304680516,0.026484508,0.021490967,3.020652856,4.500421829,4.065633374
1992Q1,4.073628164,0.013017585,1.443418258,-3.367508807,0.018510028,4.198530611,0.014649325,1.354218834,0.024643484,0.020992434,2.901457821,4.469744928,4.094895698
1992Q2,4.079463235,0.016049049,1.432778303,-3.416976647,0.019143019,4.209102323,0.016770896,1.320379622,0.023505434,0.02090548,3.001829035,4.55079604,4.12876302
1992Q3,4.103861868,0.012320399,1.443841507,-3.439597851,0.01857579,4.224517167,0.015679879,1.245010958,0.023354543,0.019911027,3.002616134,4.533985211,4.161403319
1992Q4,4.136161128,0.007704508,1.542134545,-3.426046899,0.017558692,4.239230194,0.016504246,1.288517631,0.023004098,0.019106153,2.954236365,4.560108495,4.056866807
1993Q1,4.153824073,0.006293083,1.538276631,-3.409747969,0.017297546,4.252870779,0.021433038,1.338170127,0.022605216,0.017795104,2.900529866,4.599080602,4.038821207
1993Q2,4.194453495,0.007641776,1.682202194,-3.432528373,0.016657521,4.268726424,0.02296581,1.386269635,0.023462686,0.017153764,2.903960332,4.69100383,3.965546858
1993Q3,4.209272303,0.008956063,1.80512276,-3.447056207,0.015472825,4.286139932,0.021631271,1.448036251,0.024009441,0.016229952,2.802879369,4.679706263,3.958303864
1993Q4,4.213712825,0.00324142,2.079498991,-3.438862255,0.013355972,4.30584845,0.022400841,1.560425504,0.023630743,0.015329265,2.712475179,4.668607613,3.893799745
1994Q1,4.233001751,0.01963846,2.023877936,-3.404632946,0.007555495,4.321829205,0.031489858,1.606274217,0.025330015,0.015801484,2.635957291,4.673890962,3.991729003
1994Q2,4.264202105,0.00145122,1.982428174,-3.441558072,0.008618883,4.332916182,0.026566907,1.586110657,0.027257137,0.017571508,2.775852621,4.775628957,4.059638431
1994Q3,4.302465167,0.011684398,2.052219659,-3.475424976,0.009750677,4.345649669,0.025111361,1.601517082,0.018451176,0.018779735,2.819986872,4.788810504,4.159597431
1994Q4,4.322574866,0.010937282,1.984583729,-3.493304293,0.01022149,4.355394438,0.01707299,1.573140031,0.018702167,0.019664152,2.805078272,4.781619195,4.308599134
1995Q1,4.329886072,0.007767979,1.878515314,-3.5029787,0.012268959,4.370536506,0.015781754,1.494486655,0.020882057,0.019566924,2.827044026,4.825644825,4.361523309
1995Q2,4.376364959,0.006148333,1.967413624,-3.545908168,0.01317342,4.387562781,0.015127586,1.51473848,0.020245554,0.017813802,2.898046747,4.862756289,4.317284064
1995Q3,4.382338095,0.009793952,1.972076683,-3.542902506,0.013520226,4.405975394,0.012397043,1.551407133,0.018935614,0.016817591,2.784494469,4.74638723,4.350319108
1995Q4,4.411070772,0.009023895,1.922990914,-3.53264812,0.014608096,4.413396391,0.010010819,1.556274044,0.01886681,0.015556337,2.832496975,4.710350437,4.292350039
1996Q1,4.443580799,0.007385901,2.044840375,-3.535343851,0.015217324,4.429917655,0.013166383,1.622199698,0.01767373,0.015590057,2.925734187,4.69669515,4.25428783
1996Q2,4.457931873,0.009943241,2.087197607,-3.5655941,0.015328637,4.442693392,0.012269878,1.645281195,0.016850133,0.016193427,2.969032841,4.744507059,4.237358684
1996Q3,4.478992037,0.009341155,2.04798534,-3.575602403,0.015825846,4.452023831,0.008117317,1.576176199,0.017005523,0.016009737,3.021733679,4.786631417,4.139491662
1996Q4,4.502884003,0.006292056,2.133244208,-3.570230392,0.015775787,4.46902903,0.007726891,1.565696,0.016427627,0.014868126,3.142839573,4.776831871,4.145691917
1997Q1,4.523062055,0.005258682,2.154816287,-3.590669682,0.015253384,4.476091542,0.008337371,1.580514482,0.015706521,0.0147739,3.053120291,4.776842789,4.23673865
1997Q2,4.536477998,0.003569696,2.015637896,-3.583806169,0.015586373,4.494455279,0.007162279,1.576503937,0.016030478,0.014791967,2.893991572,4.742201302,4.240186607
1997Q3,4.557243111,0.0078524,1.818857533,-3.467487734,0.015044766,4.499820159,0.008542795,1.60662968,0.020439818,0.013950145,2.91907423,4.688042787,4.238410802
1997Q4,4.55900314,0.010090125,1.452761683,-3.240628507,0.016215859,4.507521298,0.007743007,1.471685887,0.021158173,0.01373341,2.929249835,4.646014598,4.152670765
1998Q1,4.488043534,0.020331384,1.55319629,-3.180909367,0.014446136,4.493848717,0.015933378,1.548442085,0.023419164,0.013841212,2.644558046,4.561792554,4.073240348
1998Q2,4.481253476,0.017502345,1.338590551,-3.211474706,0.021266747,4.491300979,0.011975683,1.466565954,0.022564263,0.013386951,2.587177232,4.592966791,4.038160121
1998Q3,4.444854328,0.007401297,0.92742972,-3.172843036,0.016752624,4.495398326,0.012655378,1.355081682,0.020571852,0.012070788,2.519027984,4.54015653,3.997942473
1998Q4,4.452133181,0.007031174,1.216042034,-3.24116734,0.013853946,4.511922956,0.005974922,1.471760409,0.016036585,0.010330777,2.40651415,4.474994369,3.956016103
1999Q1,4.477602722,0.007088123,1.318483874,-3.248264235,0.013212146,4.523432575,0.001591656,1.552834507,0.014093875,0.010776764,2.408715312,4.507673525,3.904220957
1999Q2,4.519936679,0.004629853,1.595045273,-3.252859,0.007642801,4.537617792,0.000432275,1.72569286,0.011342221,0.011055624,2.729517749,4.503897988,3.968962849
1999Q3,4.532457884,0.004276101,1.607866521,-3.257108787,0.006993756,4.55118094,0.002966052,1.761765132,0.009854196,0.012343117,3.011145486,4.53907157,4.063035222
1999Q4,4.551216731,0.004110249,1.630257349,-3.261245351,0.006744865,4.566229207,0.004577873,1.82024477,0.009993006,0.012918671,3.179908993,4.588167299,4.108001711
2000Q1,4.587712885,0.003170098,1.873737737,-3.264441764,0.00677567,4.585973421,0.006230715,1.856484442,0.009776449,0.013185639,3.282078839,4.584396591,4.176925794
2000Q2,4.602669136,0.002534566,1.749425929,-3.26697633,0.006800001,4.602181008,0.002270103,1.764961914,0.010208699,0.01272303,3.288970038,4.601025412,4.116006868
2000Q3,4.609190824,0.004550702,1.611048922,-3.271527032,0.007363,4.614037559,0.008787502,1.728411505,0.010588349,0.012352792,3.419072562,4.585574562,4.148234615
2000Q4,4.615170807,0.005865094,1.532614707,-3.277392126,0.00727074,4.622819611,0.006627102,1.628917288,0.011135464,0.011773272,3.407821547,4.585313803,4.110774869
2001Q1,4.616306133,0.002717229,1.483705159,-3.280240943,0.007025358,4.628518764,0.006221009,1.610154813,0.010880937,0.010600352,3.267607379,4.598154903,4.112448627
2001Q2,4.60331718,0.002340187,1.302840119,-3.282537265,0.006921617,4.630879033,0.005600014,1.560411005,0.010030526,0.011165952,3.319570086,4.650531502,4.072232297
2001Q3,4.606057705,0.002243697,1.4042939,-3.284737099,0.006879472,4.630439358,0.004265102,1.445469539,0.009864203,0.010624465,3.253357516,4.519680279,3.98160217
2001Q4,4.615470689,0.00414931,1.395876296,-3.288886409,0.0067124,4.638196755,0.002056175,1.437389512,0.008653345,0.010395025,3.005029826,4.436540871,3.945185617
2002Q1,4.628106889,0.006190531,1.516544902,-3.29507694,0.006732697,4.653782345,0.003809431,1.533879187,0.008251242,0.011081515,3.064004052,4.46323225,4.000199134
2002Q2,4.643763471,0.006824419,1.563028373,-3.30190136,0.006720529,4.67171854,0.004596031,1.507121982,0.008268898,0.011100947,3.238551747,4.539433428,4.006903961
2002Q3,4.661662157,0.002937523,1.487764268,-3.304663452,0.006721332,4.680756124,0.004375505,1.365578119,0.008022488,0.009851139,3.28434573,4.602942733,3.97364181
2002Q4,4.666643851,0.001274324,1.416158467,-3.30598163,0.006779734,4.687479251,0.006102223,1.330282473,0.007200921,0.009280098,3.280141952,4.597657467,3.998479324
2003Q1,4.672927069,0.002527621,1.425490915,-3.308640827,0.006894867,4.698952585,0.00766565,1.271785437,0.007220571,0.008575894,3.426885434,4.557686559,4.055039985
2003Q2,4.688907017,0.002272216,1.437124616,-3.310430682,0.006858384,4.702312168,0.001346334,1.341563254,0.006532224,0.007990678,3.250070331,4.52780416,4.049211667
2003Q3,4.712163508,0.003410719,1.541164211,-3.314236042,0.00691189,4.726937832,0.003246383,1.469914463,0.005787519,0.008987805,3.341597487,4.555942701,4.100964804
2003Q4,4.727963923,-0.000729488,1.615728933,-3.31328729,0.006836492,4.744642583,0.008320731,1.557192113,0.005600049,0.009389752,3.371513673,4.590755284,4.210416677
2004Q1,4.745585468,0.00636742,1.695605589,-3.31965471,0.006246313,4.762541693,0.007538637,1.617944359,0.005601784,0.009116232,3.441436699,4.606688058,4.373146625
2004Q2,4.763653035,0.003801082,1.631063238,-3.323455792,0.006286948,4.77565841,0.007962573,1.604472386,0.005508087,0.009777594,3.561528671,4.596600063,4.373268298
2004Q3,4.765294923,0.004731124,1.620257121,-3.328186916,0.006068253,4.789947411,0.006819216,1.592467926,0.005926074,0.009299007,3.707331887,4.612992101,4.40145168
2004Q4,4.775922261,0.010018869,1.676509622,-3.338205785,0.005071951,4.804098008,0.00377333,1.640074008,0.006594394,0.008650421,3.800573136,4.575555094,4.461927736
2005Q1,4.800999238,0.005199953,1.684026846,-3.343405738,0.005800925,4.816122999,0.005590822,1.687499291,0.006881229,0.008775621,3.868119682,4.594459875,4.566599141
2005Q2,4.804382468,0.008410479,1.635175493,-3.351816217,0.005733743,4.834640794,0.005111442,1.686332836,0.007187938,0.008333259,3.966141869,4.596789742,4.568212798
2005Q3,4.818188773,0.009336513,1.681225953,-3.370583021,0.005979582,4.851108241,0.008581636,1.764921713,0.007519512,0.00845209,4.124342777,4.61306936,4.592817638
2005Q4,4.83403126,0.008592254,1.640113834,-3.375718933,0.007022522,4.869705201,0.010698295,1.802470394,0.008682435,0.009043733,4.056388747,4.616177514,4.688036002
2006Q1,4.854210486,0.010474728,1.668012952,-3.401138751,0.007260217,4.885838082,0.0045388,1.875970407,0.008991075,0.009124036,4.137619915,4.645047471,4.849329572
2006Q2,4.860620329,0.011976191,1.666281608,-3.431922006,0.007637151,4.898129273,0.007218012,1.864519775,0.009303547,0.009986417,4.254297315,4.690627346,5.057351078
2006Q3,4.873617981,0.003853569,1.683318,-3.427866084,0.008380453,4.912024411,0.005431354,1.867647053,0.009846621,0.009746737,4.256660823,4.70737469,5.105682901
2006Q4,4.885934348,0.003519441,1.771807269,-3.450123791,0.008482777,4.933640532,0.006284875,1.956136146,0.009609096,0.009420744,4.10497013,4.71098121,5.164783737
2007Q1,4.904058238,0.00668473,1.928176371,-3.491983544,0.008400599,4.954242047,0.004927904,1.994378825,0.009501328,0.009665727,4.07087719,4.763474814,5.171520279
2007Q2,4.919318269,0.000634317,2.030097319,-3.50779447,0.008333709,4.969001762,0.009021979,2.057449,0.009368695,0.010155103,4.228894559,4.76564641,5.306093194
2007Q3,4.935845284,0.006951055,2.008099565,-3.509741474,0.008575396,4.983240672,0.011170996,2.070036813,0.009475651,0.010187039,4.312753724,4.695264449,5.213702893
2007Q4,4.958030352,0.007528266,2.0570996,-3.546552645,0.008450553,4.998750845,0.014304057,2.068022332,0.008864241,0.009842318,4.484965725,4.72447496,5.145935059
2008Q1,4.977700712,0.010259689,2.008476561,-3.599941816,0.008295823,5.012006416,0.016138646,1.922942216,0.00861068,0.009145,4.568966412,4.755804937,5.247544008
2008Q2,4.983760012,0.022630935,1.897628821,-3.618512084,0.00845297,5.015036949,0.014160274,1.916297671,0.008780668,0.009746218,4.811408447,4.77205288,5.25694211
2008Q3,4.986458214,0.04030175,1.70587803,-3.618791068,0.008438469,5.018745696,0.010246246,1.77660427,0.009486024,0.009720971,4.760607316,4.776079383,5.168691704
2008Q4,4.960091216,-0.015808292,1.481688766,-3.545162982,0.008150677,5.004129215,-0.005093615,1.387802671,0.006696137,0.00850144,4.045485032,4.609264504,4.773856519
2009Q1,4.918927567,-0.010679425,1.544521613,-3.514161803,0.005872973,4.983901255,-0.002233119,1.357730728,0.005067896,0.007542816,3.820999316,4.455411965,4.679188477
2009Q2,4.945111693,-0.000895122,1.687342222,-3.53674316,0.004700532,5.005489645,0.001562504,1.518067205,0.004317061,0.0082943,4.089799869,4.447383628,4.792497504
2009Q3,4.976646689,0.004170396,1.832109509,-3.551939047,0.004859137,5.026753997,0.00772082,1.6695237,0.004082374,0.00846366,4.233543928,4.58620776,5.016403804
2009Q4,5.002326195,0.005632148,1.887037926,-3.585629882,0.004890192,5.044043337,0.007935673,1.698563138,0.004004136,0.00835657,4.324734166,4.664384638,5.117805689
2010Q1,5.017081595,0.004859589,1.890880823,-3.603857917,0.00522828,5.068778529,0.00712075,1.706120821,0.004084885,0.008483246,4.346591291,4.744669771,5.252967472
2010Q2,5.034145606,0.001675323,1.892037984,-3.637094939,0.006263381,5.092409725,0.005650225,1.687687953,0.0041857,0.008062575,4.375010271,4.807373306,5.302134682
2010Q3,5.032034639,0.006673365,1.966193968,-3.681422483,0.006986463,5.097606864,0.007939465,1.71783918,0.004517768,0.007123357,4.342959797,4.811790658,5.263772227
2010Q4,5.049750129,0.006298711,2.038091697,-3.696403916,0.007028598,5.112420102,0.011557495,1.776655649,0.004830989,0.007279321,4.469172036,4.942362385,5.412416206
2011Q1,5.067339685,0.012805954,2.033676598,-3.732117921,0.006979169,5.126204004,0.012272251,1.789550153,0.005125628,0.008254265,4.655525664,5.08508011,5.516014758
2011Q2,5.075392808,0.007152176,2.046323782,-3.744170883,0.007161441,5.131166743,0.009513355,1.770489523,0.005489119,0.007911953,4.76325655,5.103502089,5.487915721
2011Q3,5.089807325,0.006779687,1.982012189,-3.75122599,0.007339534,5.1450857,0.009330764,1.673256845,0.005742019,0.00682475,4.719854252,5.030242634,5.451269477
2011Q4,5.100470404,0.004814646,1.980658662,-3.711803514,0.007341961,5.146873401,0.005708871,1.619490413,0.005740613,0.006439965,4.690978561,4.904207381,5.275190839
2012Q1,5.117061523,0.003835096,2.029463825,-3.753231772,0.007389296,5.160890455,0.00750291,1.708271087,0.005350608,0.006205005,4.773277015,4.909566428,5.324742478
2012Q2,5.12976088,0.001593626,2.032347636,-3.724638658,0.007521947,5.16798234,0.00655284,1.651907055,0.005170475,0.005760422,4.690091317,4.917271611,5.268737988
2012Q3,5.142378824,0.003179653,2.045295643,-3.731595493,0.00748596,5.172890272,0.006534467,1.672817027,0.004984282,0.005208405,4.695342115,4.881772506,5.184709055
2012Q4,5.162907121,0.004434597,2.043935774,-3.758866909,0.007510626,5.18546715,0.006978259,1.708270054,0.004688825,0.005044407,4.700868333,4.883215165,5.226224114
2013Q1,5.156898187,0.00567288,2.038570988,-3.75235562,0.007490004,5.188537511,0.006705869,1.790992235,0.004598623,0.00521809,4.723857163,4.891438411,5.295250788
2013Q2,5.17408737,0.005986821,2.099354749,-3.761469239,0.007316874,5.196666752,0.001785452,1.80288808,0.004661904,0.005102939,4.631573689,4.889173465,5.170461651
2013Q3,5.192861548,0.006385822,2.109779385,-3.714296895,0.007316874,5.207539524,0.009156529,1.817626259,0.004998564,0.006114011,4.703895107,4.844716852,5.174468501
2013Q4,5.207852058,0.011388465,2.119146921,-3.735388244,0.007316874,5.216158416,0.007364458,1.860869413,0.005007333,0.006078169,4.694235837,4.842818577,5.184312834
2014Q1,5.217916411,0.010177131,2.108388071,-3.718212015,0.007316874,5.224870385,0.00520606,1.834764098,0.005240098,0.005932625,4.68463645,4.842818577,5.13718867
2014Q2,5.238246554,0.004438647,2.12407312,-3.742127441,0.007316874,5.232051418,0.006671478,1.87264588,0.005096613,0.005480545,4.69871257,4.827047156,5.103240153
2014Q3,5.247665102,0.00388505,2.115491379,-3.758862676,0.007680793,5.241990071,0.003775385,1.892741161,0.00497622,0.00491885,4.624202488,4.759741857,5.086983665
2014Q4,5.2625086,0.009146863,2.061031741,-3.715921797,0.007696955,5.249847157,0.00149381,1.902558331,0.004777834,0.004306181,4.336989528,4.716145408,4.975852963
2015Q1,5.275861248,-0.010951717,2.065656408,-3.632010296,0.007705036,5.260028745,0.000681891,1.955939185,0.004749972,0.00346404,3.988402847,4.706521063,4.856350553
2015Q2,5.286885119,0.019317653,2.045353107,-3.640215594,0.007721196,5.270006743,0.005063224,1.947539737,0.0044761,0.003834865,4.123139078,4.712013828,4.829512846
2015Q3,5.295856368,0.012181386,1.946874999,-3.549113248,0.007729276,5.278108979,0.003339405,1.849324043,0.004120216,0.003948925,3.91764202,4.641529854,4.71606888
2015Q4,5.307990103,0.004898525,1.955700732,-3.499272359,0.007705036,5.285533957,0.000864784,1.867784511,0.004304361,0.003744563,3.775332043,4.608844823,4.614576714
2016Q1,5.314833956,-0.002776447,1.957090872,-3.51589062,0.007705036,5.294513455,0.002896767,1.805600783,0.0041253,0.00319358,3.518263197,4.610573432,4.604352912
2016Q2,5.326049065,0.004832528,1.95416839,-3.567058909,0.007713116,5.30418638,0.004693194,1.809689559,0.00391937,0.002759802,3.819188218,4.672186561,4.669961303
2016Q3,5.338567885,0.006888929,1.952758228,-3.564417654,0.007203547,5.312818203,0.003483726,1.850775121,0.003665973,0.002253408,3.824956131,4.684734273,4.713099952
2016Q4,5.351811927,0.007504744,1.930950971,-3.506728452,0.00719545,5.320810499,0.004535629,1.88119756,0.003794878,0.003189033,3.896585787,4.695994481,4.81720427
2017Q1,5.36928532,0.022503338,1.936038342,-3.501037211,0.00719545,5.330789663,0.005291576,1.922555862,0.003798151,0.003723227,3.984003695,4.758860947,4.9334314
2017Q2,5.383155737,0.00185935,1.973408419,-3.52927376,0.007227836,5.343338334,0.002729985,1.954664561,0.003975189,0.003466559,3.906364332,4.730723064,4.824678501
2017Q3,5.398830757,0.005583012,1.966277044,-3.551460052,0.007146864,5.353869243,0.00363477,1.984920195,0.003691831,0.00356455,3.954320072,4.695962119,4.914731266
2017Q4,5.409378076,0.004345926,1.946361477,-3.579888361,0.007244027,5.360810803,0.005212799,2.029014226,0.003860286,0.003687245,4.120488064,4.688230038,4.941167106
2018Q1,5.421045838,0.00439063,1.9949938,-3.642527754,0.007656548,5.372044186,0.006349516,2.021610653,0.003975684,0.004109099,4.202766079,4.764557932,5.008466586
2018Q2,5.427584601,-0.002623406,1.975380726,-3.633421646,0.007769671,5.381866091,0.003616726,2.020540864,0.004589772,0.004147758,4.311717584,4.763409028,5.000691169
2018Q3,5.441087988,-0.001745037,1.964500088,-3.595964256,0.007769671,5.386522934,0.006771707,2.009099131,0.004816662,0.004108434,4.321025777,4.730629289,4.931388498
2018Q4,5.455642374,0.003053978,1.91066102,-3.579867398,0.007761592,5.390244715,0.003054686,1.90431041,0.005405603,0.004173246,4.216246311,4.694245436,4.931733697
2019Q1,5.470583155,-0.002189679,1.908156935,-3.597714899,0.007777749,5.399025512,0.001790462,1.9666102,0.00556832,0.003504984,4.146792708,4.710611571,4.981375599
2019Q2,5.496465993,0.006951725,1.874138674,-3.590353558,0.007373519,5.408713175,0.007226265,1.980527483,0.005255183,0.00292787,4.233957979,4.71766661,5.041288135
2019Q3,5.500757476,0.005926166,1.855264308,-3.592157782,0.007122568,5.414532146,0.004824469,1.979489433,0.004811096,0.001918945,4.126375676,4.653858289,5.030619198
2019Q4,5.483959524,-0.000600661,1.825172012,-3.591770778,0.007122568,5.41418614,0.006897454,2.005299682,0.004272474,0.002139311,4.149111794,4.647322429,4.971474025
2020Q1,5.471897186,-0.003494644,1.764930922,-3.584756219,0.006343827,5.384920066,0.004378837,1.84245191,0.00331162,0.001829428,3.921417234,4.6550727,4.941324893
2020Q2,5.312713373,-0.028050581,1.752344583,-3.522741086,0.005032343,5.318381822,-0.007245298,1.86674618,0.002520084,0.001409402,3.38002858,4.58273181,4.912649762
2020Q3,5.480181408,0.018635147,1.807128322,-3.569957906,0.004009344,5.38768818,0.007284643,1.891840652,0.00226691,0.001235804,3.761310242,4.618367867,5.089571694
2020Q4,5.453728459,-0.002289386,1.807442918,-3.590482387,0.003968337,5.406882657,0.002982259,1.976668566,0.002577229,0.001316906,3.789687992,4.730504242,5.193203059
2021Q1,5.467152836,0.016515403,1.788581421,-3.617680558,0.003894507,5.419804546,0.008050335,2.057290326,0.002294534,0.001883609,4.108881885,4.780327063,5.364814454
2021Q2,5.464317821,0.005156749,1.766765406,-3.6069945,0.003869893,5.426239425,0.006118028,2.087804233,0.002251245,0.00235691,4.232602899,4.822723071,5.514481048
2021Q3,5.437338637,-0.004340756,1.729552786,-3.586545483,0.003861687,5.433411953,0.007884695,2.088342673,0.002304624,0.001965042,4.297658866,4.764769428,5.465679766
2021Q4,5.487074125,0.011892032,1.708485631,-3.601131088,0.003878098,5.450365084,0.012651617,2.096667806,0.002528108,0.002498401,4.379232789,4.799213616,5.340961694
2022Q1,5.511145567,0.009359608,1.710634015,-3.608626855,0.003853482,5.456827388,0.015385179,2.039385317,0.00295159,0.003361857,4.609228594,4.892263175,5.491053608
2022Q2,5.551121354,0.011117108,1.685768092,-3.582646747,0.004230667,5.457276617,0.01899448,1.924198574,0.004004525,0.005236152,4.733147758,4.950378527,5.46153077
2022Q3,5.572627503,0.011775617,1.624532727,-3.564338933,0.00517931,5.469166114,0.014591359,1.873102658,0.006520331,0.005673386,4.613406873,4.81459341,5.240803061
2022Q4,5.555174535,0.006224086,1.607203897,-3.549887066,0.006002363,5.470973846,0.009636706,1.896342617,0.007247547,0.006873468,4.485170302,4.719217121,5.244402322
2023Q1,5.564294435,0.006185587,1.612564775,-3.59771684,0.006221929,5.480394883,0.008253446,1.937795657,0.008389921,0.006720404,4.397714233,4.696997182,5.416305728
2023Q2,5.579897962,0.005850348,1.568562157,-3.573142744,0.006530621,5.487502979,0.006562289,1.963933298,0.009189432,0.006724531,4.361766201,4.674106901,5.315188039
2023Q3,5.605384686,0.006920039,1.578616767,-3.557871662,0.006701051,5.495017052,0.010022705,1.940786743,0.009572573,0.007559625,4.462955619,4.678430697,5.289790895
